parcel_id,address,fin_sqft,year_built,sale_date,sale_price,county
040-0007-0039-00,2779 MARKBREIT AVE,1616,1936,2025-08-11,"$550,000",Hamilton
043-0005-0064-00,1286 HERSCHEL AVE,2736,1936,2025-08-11,"$1,170,000",Hamilton
019-0002-0094-00,3310 LOOKOUT DR,2368,1926,2025-08-11,"$1,065,000",Hamilton
032-0002-0095-00,1932 RIVERSIDE DR,,,2025-08-11,"$300,000",Hamilton
046-0005-0079-00,1354 MICHIGAN AVE,,,2025-08-11,"$1,997,000",Hamilton
003-0002-0031-00,6041 COLTER AVE,1332,1911,2025-08-11,"$235,000",Hamilton
032-0002-0094-00,1930 RIVERSIDE DR,,,2025-08-11,"$300,000",Hamilton
002-0002-0474-00,1827 CORALBERRY CT,1320,2000,2025-08-11,"$285,000",Hamilton
032-0002-0093-00,1928 RIVERSIDE DR,,,2025-08-11,"$300,000",Hamilton
037-0002-0377-00,6721 BRAMBLE AVE,842,1954,2025-08-11,"$275,000",Hamilton
044-0004-0073-00,3041 KINMONT ST,952,1930,2025-08-11,"$332,900",Hamilton
003-0004-0099-00,1643 LONGBOURNE ST,1960,1955,2025-08-11,"$225,000",Hamilton
042-0009-0225-00,2444 1707 MADISON RD,1905,1967,2025-08-11,"$412,500",Hamilton
028-0003-0133-00,234 WORTH ST,,,2025-08-11,"$25,000",Hamilton
004-0004-0213-00,1225 MOONKIST CT,1025,1962,2025-08-11,"$266,000",Hamilton
051-0010-0079-00,5314 CHARLOE ST,999,1942,2025-08-11,"$119,000",Hamilton
019-0002-0005-00,1122 HERSCHEL AVE,7623,1860,2025-08-11,"$1,435,000",Hamilton
054-0004-0056-00,3344 SPOKANE AVE,1745,1892,2025-08-08,"$70,000",Hamilton
054-0004-0055-00,3346 SPOKANE AVE,,,2025-08-08,"$70,000",Hamilton
038-0A03-0499-00,3529 PARKLINE AVE,2044,1925,2025-08-08,"$762,000",Hamilton
042-0004-0046-00,3557 LARKSPUR AVE,1322,1910,2025-08-08,"$190,000",Hamilton
015-0002-0081-00,4719 WILMER CT,1484,1880,2025-08-08,"$80,000",Hamilton
040-0003-0235-00,3906 D EDWARDS RD,2222,2023,2025-08-08,"$636,000",Hamilton
027-0002-0016-00,3720 STEVENS PL,1045,1895,2025-08-07,"$260,000",Hamilton
055-0001-0059-00,3132 DURRELL AVE,1880,1903,2025-08-07,"$95,000",Hamilton
040-0004-0109-00,2742 WILLARD AVE,1193,1911,2025-08-07,"$385,414",Hamilton
001-0001-0342-00,2318 KENLEE DR,1594,1956,2025-08-06,"$315,000",Hamilton
039-0002-0332-00,3316 S STERLING WY,982,1938,2025-08-06,"$347,000",Hamilton
058-0002-0035-00,3421 WOODBURN AVE,1867,1905,2025-08-06,"$270,000",Hamilton
042-0004-0042-00,3571 LARKSPUR AVE,1344,1925,2025-08-06,"$412,900",Hamilton
034-0002-0096-00,5309 OWASCO ST,,,2025-08-06,"$275,000",Hamilton
019-0002-0133-00,1178 HERSCHEL AVE,1424,1910,2025-08-06,"$535,000",Hamilton
050-0008-0073-00,ROSSLYN DR,0,1998,2025-08-05,"$9,070,938",Hamilton
051-0009-0049-00,3905 BROTHERTON RD,0,2005,2025-08-05,"$9,070,938",Hamilton
049-0004-0065-00,4304 THIRTY-FIRST AVE,2252,1915,2025-08-05,"$510,000",Hamilton
028-0006-0297-00,3588 1/2 HANDMAN AVE,3063,2022,2025-08-05,"$1,050,000",Hamilton
028-0005-0107-00,3548 HANDMAN AVE,1662,1913,2025-08-04,"$525,000",Hamilton
055-0001-0013-00,1550 DIXMONT AVE,1440,1910,2025-08-04,"$142,000",Hamilton
043-0002-0084-00,3118 GRIEST AVE,3021,1924,2025-08-04,"$900,000",Hamilton
050-0003-0105-00,3117 MADISON RD,1405,2019,2025-08-04,"$645,000",Hamilton
032-0003-0136-00,1201 1053 EDGECLIFF PL,2795,1990,2025-08-04,"$725,000",Hamilton
051-0005-0108-00,5076 E EASTWOOD CR,1348,1940,2025-08-04,"$110,325",Hamilton
040-0001-0011-00,2881 MARKBREIT AVE,1429,1893,2025-08-04,"$430,000",Hamilton
037-0003-0369-00,6809 VINEWOOD AVE,1188,1926,2025-08-01,"$290,000",Hamilton
036-0006-0120-00,5550 ARNSBY PL,2296,1900,2025-08-01,"$165,000",Hamilton
042-0009-0118-00,2444 708 MADISON RD,1881,1967,2025-08-01,"$345,000",Hamilton
020-0002-0125-00,3661 RUSSELL AVE,,,2025-08-01,"$480,000",Hamilton
020-0002-0124-00,3659 RUSSELL AVE,2292,1895,2025-08-01,"$480,000",Hamilton
042-0A07-0039-00,2128 CRANE AVE,1921,1927,2025-08-01,"$158,000",Hamilton
042-0006-0115-00,2372 5 MADISON RD,790,1940,2025-08-01,"$143,500",Hamilton
044-0006-0010-00,3155 WILLIS AVE,1877,1900,2025-08-01,"$465,000",Hamilton
002-0003-0064-00,6711 BEECHMONT AVE,1855,1939,2025-07-31,"$250,000",Hamilton
036-0001-0107-00,4711 OSGOOD ST,0,1962,2025-07-31,"$605,000",Hamilton
051-0002-0041-00,3552 HARROW AVE,1588,1928,2025-07-31,"$416,900",Hamilton
051-0002-0273-00,3552 HARROW AVE,,,2025-07-31,"$416,900",Hamilton
037-0005-0200-00,7052 PALMETTO ST,1421,1924,2025-07-31,"$315,000",Hamilton
037-0001-0017-00,4105 AZALEA AVE,1058,1915,2025-07-31,"$302,500",Hamilton
038-0A03-0267-00,3720 AYLESBORO AVE,1782,1917,2025-07-31,"$575,000",Hamilton
043-0004-0034-00,3245 GRIEST AVE,1117,1932,2025-07-31,"$342,100",Hamilton
044-0001-0111-00,3069 ALPINE TE,962,1969,2025-07-31,"$199,000",Hamilton
050-0007-0154-00,4114 PILLARS DR,1587,1937,2025-07-31,"$515,000",Hamilton
039-0004-0030-00,3854 ISABELLA AVE,1156,1905,2025-07-30,"$300,000",Hamilton
038-0A03-0029-00,3596 SAYBROOK AVE,1158,1921,2025-07-30,"$405,000",Hamilton
002-0005-0015-00,1486 ANTOINETTE AVE,1107,1954,2025-07-30,"$150,000",Hamilton
039-0007-0118-00,3570 OUTLOOK AVE,,,2025-07-30,"$617,000",Hamilton
037-0005-0008-00,6830 MERWIN AVE,843,1939,2025-07-30,"$177,000",Hamilton
039-0007-0088-00,3570 OUTLOOK AVE,1749,1918,2025-07-30,"$617,000",Hamilton
056-0001-0048-00,2704 HACKBERRY ST,1870,1915,2025-07-29,"$480,000",Hamilton
049-0004-0099-00,4207 THIRTY-SECOND AVE,1380,1914,2025-07-29,"$460,000",Hamilton
039-0003-0136-00,3088 MARKBREIT AVE,1699,1914,2025-07-29,"$425,000",Hamilton
039-0003-0135-00,3104 CELERON AVE,1258,1915,2025-07-29,"$400,000",Hamilton
004-0004-0148-00,1233 DELIQUIA DR,1300,1961,2025-07-29,"$255,000",Hamilton
048-0001-0073-00,2025 FREELAND AVE,2427,2014,2025-07-29,"$670,000",Hamilton
003-0009-0156-00,6474 COPPERLEAF LN,2110,1996,2025-07-29,"$450,000",Hamilton
054-0003-0030-00,1940 KINNEY AVE,,,2025-07-28,"$394,000",Hamilton
053-0001-0092-00,2324 901 MADISON RD,882,1963,2025-07-28,"$147,500",Hamilton
064-0002-0190-00,1730 GRANDMERE LN,2165,2006,2025-07-28,"$475,000",Hamilton
040-0005-0205-00,2817 VICTORIA AVE,3301,1927,2025-07-28,"$600,000",Hamilton
039-0003-0149-00,3937 PAXTON AVE,816,1922,2025-07-28,"$275,000",Hamilton
002-0002-0010-00,1827 MEARS AVE,1584,1909,2025-07-28,"$330,000",Hamilton
040-0005-0067-00,2812 ROSELLA AVE,1976,2010,2025-07-28,"$680,000",Hamilton
003-0004-0264-00,1656 WINCHESTER AVE,1243,1947,2025-07-25,"$294,243",Hamilton
003-0005-0178-00,2672 WAYWARD WINDS DR,1919,1968,2025-07-25,"$324,900",Hamilton
038-0A01-0023-00,3558 RAWSON PL,2664,1929,2025-07-25,"$670,155",Hamilton
003-0009-0128-00,2540 COVEYRUN CT,2279,1996,2025-07-25,"$452,500",Hamilton
038-0A03-0394-00,3727 AULT PARK AVE,2189,1922,2025-07-25,"$850,000",Hamilton
034-0001-0003-00,5824 CHANDLER ST,,,2025-07-25,"$500,000",Hamilton
039-0006-0076-00,2879 ZIEGLE AVE,1656,1926,2025-07-24,"$565,000",Hamilton
039-0002-0681-00,3703 14 A MARBURG AVE,1885,2014,2025-07-24,"$495,000",Hamilton
041-0005-0155-00,3641 BESUDEN CT,1250,1922,2025-07-24,"$320,000",Hamilton
050-0002-0149-00,4427 BRAZEE ST,2102,1910,2025-07-24,"$251,300",Hamilton
050-0003-0089-00,4107 BALLARD AVE,1448,1924,2025-07-24,"$367,000",Hamilton
025-0003-0163-00,600 24 DELTA AVE,1194,1990,2025-07-24,"$300,000",Hamilton
037-0003-0100-00,4808 JAMESON ST,1342,1884,2025-07-24,"$177,000",Hamilton
053-0002-0066-00,2142 EAST HILL AVE,,,2025-07-24,"$1,000,000",Hamilton
053-0002-0036-00,2142 EAST HILL AVE,2754,1923,2025-07-24,"$1,000,000",Hamilton
025-0003-0141-00,600 1 DELTA AVE,1206,1990,2025-07-23,"$305,000",Hamilton
051-0005-0024-00,4872 OAKLAWN DR,1704,1928,2025-07-23,"$315,500",Hamilton
046-0002-0028-00,1332 CRYER AVE,1766,1910,2025-07-23,"$527,500",Hamilton
A0300016000038,PARRISH AVE,,,2025-07-23,"$15,000",Butler
028-0006-0299-00,3574 HANDMAN AVE,2450,2021,2025-07-22,"$925,000",Hamilton
042-0004-0036-00,3552 LARKSPUR AVE,1682,1913,2025-07-22,"$415,000",Hamilton
A0300013000020,1812 TULEY RD,,,2025-07-21,"$190,000",Butler
A0300013000021,1812 TULEY RD,,,2025-07-21,"$190,000",Butler
040-0003-0236-00,3906 C EDWARDS RD,2251,2023,2025-07-21,"$990,440",Hamilton
040-0003-0233-00,3908 B EDWARDS RD,2239,2023,2025-07-21,"$990,440",Hamilton
039-0A06-0339-00,3075 VICTORIA AVE,3535,1926,2025-07-18,"$1,900,000",Hamilton
042-0004-0175-00,3635 BARBERRY AVE,,,2025-07-16,"$220,000",Hamilton
051-0004-0064-00,3407 CARDIFF AVE,1684,1914,2025-07-16,"$367,500",Hamilton
039-0A06-0023-00,3112 VICTORIA AVE,4365,1927,2025-07-16,"$2,000,000",Hamilton
043-0001-0059-00,1237 HALPIN AVE,2281,1896,2025-07-16,"$875,000",Hamilton
042-0004-0096-00,3635 BARBERRY AVE,1366,1926,2025-07-16,"$220,000",Hamilton
001-0001-0196-00,6452 CORBLY RD,2301,1955,2025-07-16,"$415,000",Hamilton
002-0007-0015-00,1290 BURNEY LN,1375,1945,2025-07-16,"$252,500",Hamilton
040-0005-0134-00,2851 PINE GROVE AVE,1657,1920,2025-07-16,"$485,000",Hamilton
050-0007-0012-00,4218 MARBURG AVE,995,1925,2025-07-16,"$280,000",Hamilton
030-0001-0068-00,3128 WALWORTH AVE,2048,1895,2025-07-16,"$250,000",Hamilton
002-0008-0021-00,6824 WHITEHALL AVE,1225,1952,2025-07-16,"$275,000",Hamilton
002-0001-0079-00,1700 BEACON ST,1216,1937,2025-07-16,"$272,500",Hamilton
019-0003-0022-00,4841 BEVERLY HILL DR,2453,1928,2025-07-15,"$940,000",Hamilton
039-0004-0129-00,3827 DRAKEWOOD DR,1664,1935,2025-07-15,"$560,000",Hamilton
036-0002-0014-00,5702 PEABODY AVE,4668,1880,2025-07-15,"$355,000",Hamilton
039-0002-0132-00,3412 N CLUB CREST AVE,1327,1924,2025-07-15,"$435,000",Hamilton
039-0001-0087-00,3445 WELLSTON PL,1624,1925,2025-07-15,"$720,000",Hamilton
003-0002-0140-00,2121 1C SUTTON AVE,1032,1985,2025-07-15,"$119,500",Hamilton
039-0A06-0314-00,3 CLOISTER CT,4831,1995,2025-07-15,"$1,750,000",Hamilton
054-0003-0054-00,1974 KINNEY AVE,1210,1908,2025-07-15,"$300,000",Hamilton
045-0002-0043-00,915 ELLISON AVE,2118,1928,2025-07-15,"$925,000",Hamilton
003-0004-0279-00,1631 SUTTON AVE,1800,1956,2025-07-15,"$282,500",Hamilton
053-0001-0026-00,2324 204 MADISON RD,1207,1963,2025-07-14,"$164,650",Hamilton
046-0002-0109-00,1301 CRYER AVE,1479,1930,2025-07-14,"$640,000",Hamilton
038-0004-0149-00,3479 FORESTOAK CT,1314,1979,2025-07-14,"$350,000",Hamilton
019-0003-0054-00,1122 BEVERLY HILL DR,1638,1930,2025-07-14,"$650,000",Hamilton
003-0009-0118-00,2529 COVEYRUN CT,1658,1996,2025-07-14,"$447,500",Hamilton
057-0005-0082-00,3461 BEVIS AVE,1634,1915,2025-07-11,"$354,000",Hamilton
040-0006-0005-00,3516 MONTEITH AVE,2102,1906,2025-07-11,"$862,000",Hamilton
046-0002-0120-00,1201 PAXTON AVE,1742,1924,2025-07-11,"$565,000",Hamilton
042-0007-0007-00,19 GARDEN PL,4805,1927,2025-07-10,"$2,350,000",Hamilton
004-0001-0053-00,5288 BIRCHKNOLL CT,1209,1987,2025-07-10,"$370,000",Hamilton
043-0A01-0087-00,2920 UTOPIA PL,1192,1926,2025-07-10,"$365,000",Hamilton
046-0001-0070-00,2363 BEDFORD AVE,2455,1980,2025-07-10,"$875,000",Hamilton
050-0007-0143-00,4109 PILLARS DR,1075,1937,2025-07-10,"$360,000",Hamilton
043-0A01-0061-00,2913 UTOPIA PL,1285,1928,2025-07-09,"$430,000",Hamilton
054-0005-0043-00,1605 RUTH AVE,2651,1890,2025-07-09,"$235,550",Hamilton
056-0001-0064-00,2625 6 CLEINVIEW AVE,793,1890,2025-07-09,"$160,000",Hamilton
019-0002-0120-00,1318 HERLIN PL,1526,1930,2025-07-09,"$580,000",Hamilton
019-0001-0205-00,724 GLENSHIRE AVE,2634,1934,2025-07-09,"$400,000",Hamilton
053-0004-0146-00,3033 B LAVINIA AVE,1848,2010,2025-07-09,"$489,000",Hamilton
019-0003-0047-00,4824 BEVERLY HILL DR,2592,1929,2025-07-09,"$1,011,000",Hamilton
044-0003-0002-00,3150 LINWOOD AVE,1254,1916,2025-07-09,"$212,500",Hamilton
003-0002-0038-00,6050 COLTER AVE,1944,1915,2025-07-09,"$410,000",Hamilton
038-0A03-0325-00,3806 AULT PARK AVE,1240,1923,2025-07-09,"$645,000",Hamilton
034-0004-0079-00,5351 GRAND VISTA CT,3440,2015,2025-07-09,"$870,000",Hamilton
039-0001-0164-00,3498 TARPIS AVE,2184,2015,2025-07-09,"$651,000",Hamilton
046-0003-0100-00,1291 MORTEN ST,1892,1926,2025-07-09,"$350,000",Hamilton
049-0001-0098-00,2947 IRON OAK AVE,,,2025-07-09,"$170,000",Hamilton
002-0007-0115-00,6799 LE CONTE AVE,1485,1951,2025-07-09,"$299,000",Hamilton
047-0001-0045-00,2526 RITCHIE AVE,1810,1916,2025-07-08,"$867,500",Hamilton
042-0A07-0014-00,2209 CRANE AVE,1890,1928,2025-07-08,"$365,000",Hamilton
003-0003-0190-00,2451 CARDINAL HILL CT,1499,1994,2025-07-08,"$280,000",Hamilton
044-0003-0001-00,3148 LINWOOD AVE,1254,1916,2025-07-08,"$212,500",Hamilton
062-0001-0102-00,1361 BURDETTE AVE,1846,1910,2025-07-08,"$477,050",Hamilton
049-0001-0036-00,2901 THREE OAKS LN,,,2025-07-08,"$165,000",Hamilton
028-0006-0201-00,546 TUSCULUM AVE,1072,1980,2025-07-07,"$221,500",Hamilton
051-0002-0192-00,3579 HARROW AVE,958,1940,2025-07-07,"$365,000",Hamilton
042-0005-0065-00,3535 HOLLY LN,3968,1916,2025-07-07,"$810,000",Hamilton
043-0A01-0131-00,1233 GRACE AVE,1800,1865,2025-07-07,"$615,000",Hamilton
023-0003-0152-00,1239 JERRY LN,1538,1937,2025-07-03,"$460,000",Hamilton
054-0004-0198-00,3312 BONAPARTE AVE,1482,1923,2025-07-03,"$375,000",Hamilton
064-0003-0049-00,2408 SALUTARIS AVE,1057,1926,2025-07-03,"$312,000",Hamilton
038-0A03-0477-00,3607 PAPE AVE,1584,1923,2025-07-03,"$675,000",Hamilton
036-0001-0109-00,5530 ORLANDO PL,2204,1870,2025-07-03,"$335,000",Hamilton
038-0002-0369-00,3651 B ASHWORTH DR,1088,1962,2025-07-02,"$360,500",Hamilton
063-0004-0237-00,2200 806 VICTORY PW,616,1966,2025-07-02,"$160,000",Hamilton
058-0005-0047-00,1609 CLAREWOOD AVE,1767,1917,2025-07-02,"$128,000",Hamilton
037-0001-0228-00,4118 WATTERSON ST,1359,1927,2025-07-02,"$390,000",Hamilton
039-0A06-0180-00,3164 PORTSMOUTH AVE,1200,1934,2025-07-02,"$440,000",Hamilton
002-0003-0245-00,6526 AMBAR AVE,,,2025-07-02,"$411,000",Hamilton
054-0004-0105-00,3315 BONAPARTE AVE,,,2025-07-02,"$383,800",Hamilton
002-0003-0219-00,6522 AMBAR AVE,1998,1966,2025-07-02,"$411,000",Hamilton
040-0003-0108-00,2725 ATLANTIC AVE,1631,1900,2025-07-02,"$360,000",Hamilton
044-0003-0023-00,3214 CLOSE CT,2354,1890,2025-07-02,"$615,000",Hamilton
028-0006-0258-00,446 STRAFER ST,2064,2011,2025-07-01,"$728,500",Hamilton
038-0A03-0075-00,3634 AMBERSON AVE,1464,1923,2025-07-01,"$350,000",Hamilton
038-0002-0226-00,3816 ASHWORTH DR,1482,1980,2025-07-01,"$375,000",Hamilton
034-0003-0037-00,5311 WELTNER ST,1338,1911,2025-07-01,"$220,000",Hamilton
003-0002-0139-00,2121 1A SUTTON AVE,854,1985,2025-07-01,"$118,000",Hamilton
037-0001-0060-00,4400 WHETSEL AVE,0,1940,2025-07-01,"$230,000",Hamilton
031-0002-0117-00,3089 WALWORTH AVE,,,2025-07-01,"$300,000",Hamilton
042-0007-0005-00,15 GARDEN PL,4925,2012,2025-06-30,"$3,350,000",Hamilton
038-0A03-0139-00,3644 BRENTWOOD AVE,1383,1923,2025-06-30,"$485,000",Hamilton
059-0002-0048-00,3552 WOODBURN AVE,1572,1901,2025-06-30,"$275,000",Hamilton
049-0003-0064-00,4303 MILLSBRAE AVE,1806,1915,2025-06-30,"$540,000",Hamilton
043-0A01-0080-00,2982 LINWOOD AVE,3635,1918,2025-06-30,"$667,000",Hamilton
001-0002-0341-00,2129 OXFORD AVE,1292,1975,2025-06-30,"$171,000",Hamilton
043-0A01-0092-00,2925 GRIEST AVE,1494,1926,2025-06-30,"$505,000",Hamilton
001-0002-0135-00,2134 RONALDSON AVE,0,1956,2025-06-30,"$375,000",Hamilton
040-0004-0163-00,3743 ANDREW AVE,1846,1916,2025-06-30,"$400,000",Hamilton
031-0002-0098-00,3049 RIVERSIDE DR,1732,1875,2025-06-30,"$306,000",Hamilton
007-0003-0112-00,5001 C9 KELLOGG AVE,0,1984,2025-06-30,"$2,000",Hamilton
051-0002-0108-00,4534 ORKNEY AVE,1548,1937,2025-06-30,"$390,000",Hamilton
050-0005-0147-00,3217 BACH AVE,,,2025-06-30,"$832,800",Hamilton
035-0003-0100-00,6236 DESMOND ST,1984,1880,2025-06-30,"$47,330",Hamilton
001-0001-0224-00,6614 HIALEA CT,1025,1955,2025-06-30,"$110,000",Hamilton
046-0005-0080-00,1350 MICHIGAN AVE,,,2025-06-30,"$1,753,000",Hamilton
002-0009-0183-00,6280 LUSANNE TE,1588,1955,2025-06-30,"$280,000",Hamilton
030-0002-0139-00,3207 GOLDEN AVE,2654,2014,2025-06-27,"$830,000",Hamilton
007-0003-0103-00,5001 B32 KELLOGG AVE,0,1984,2025-06-27,"$1,875",Hamilton
054-0004-0054-00,1820 HEWITT AVE,1826,1898,2025-06-27,"$205,000",Hamilton
063-0004-0257-00,2200 1006 VICTORY PW,616,1966,2025-06-27,"$167,000",Hamilton
009-0001-0136-00,5762 SANCTUARY PL,,,2025-06-27,"$540,000",Hamilton
A0300020000019,5369 LIBERTY FAIRFIELD RD,,,2025-06-27,"$21,000",Butler
040-0006-0053-00,3410 SHADY LN,1970,1891,2025-06-26,"$750,000",Hamilton
049-0004-0136-00,2908 MINOT AVE,2175,1910,2025-06-26,"$580,000",Hamilton
020-0001-0015-00,1060 RICHWOOD AVE,2597,1941,2025-06-26,"$1,150,000",Hamilton
055-0004-0143-00,3211 HACKBERRY ST,1819,1900,2025-06-26,"$34,125",Hamilton
002-0001-0045-00,1728 BRACHMAN AVE,1152,1940,2025-06-26,"$317,000",Hamilton
001-0004-0065-00,6540 RIPPLEWOOD LN,1448,1973,2025-06-26,"$310,000",Hamilton
020-0002-0095-00,3645 RUSSELL AVE,2290,1908,2025-06-26,"$320,000",Hamilton
063-0002-0106-00,1345 2A FLEMING ST,1404,1981,2025-06-26,"$370,000",Hamilton
029-0002-0069-00,3722 MEAD AVE,1838,1909,2025-06-26,"$100,000",Hamilton
026-0001-0218-00,610 ATHENS AVE,,,2025-06-25,"$379,000",Hamilton
046-0007-0076-00,1149 CRYER AVE,1646,1958,2025-06-25,"$690,000",Hamilton
055-0001-0073-00,3125 HARVARD AVE,1352,1900,2025-06-25,"$70,000",Hamilton
026-0001-0210-00,610 ATHENS AVE,1469,1926,2025-06-25,"$379,000",Hamilton
003-0009-0085-00,2566 MEADOWMAR LN,1650,1974,2025-06-25,"$300,000",Hamilton
001-0004-0101-00,6604 RIPPLEWOOD LN,2196,1971,2025-06-25,"$359,000",Hamilton
037-0002-0169-00,6606 BRITTON AVE,1212,1938,2025-06-25,"$330,000",Hamilton
026-0002-0147-00,610 ATHENS AVE,,,2025-06-25,"$379,000",Hamilton
004-0004-0189-00,1267 CRISTWAY CT,1411,1962,2025-06-25,"$203,000",Hamilton
060-0004-0102-00,3065 KERPER AVE,1364,1910,2025-06-24,"$92,190",Hamilton
053-0004-0176-00,3028 LAVINIA AVE,1512,1912,2025-06-24,"$472,000",Hamilton
051-0005-0129-00,5068 W EASTWOOD CR,1772,1940,2025-06-24,"$394,200",Hamilton
002-0010-0079-00,1369 THORNBIRD DR,3044,2000,2025-06-24,"$580,000",Hamilton
002-0002-0395-00,1735 MARQUETTE AVE,961,1953,2025-06-24,"$230,000",Hamilton
035-0004-0090-00,6517 E LEDGE ST,1416,1900,2025-06-24,"$392,500",Hamilton
063-0003-0188-00,2324 28 PARK AVE,668,1928,2025-06-24,"$151,300",Hamilton
053-0004-0271-00,3026 1/2 LAVINIA AVE,2933,2023,2025-06-24,"$800,000",Hamilton
062-0003-0071-00,1522 WILLIAM H TAFT RD,1932,1890,2025-06-24,"$300,900",Hamilton
002-0005-0048-00,1411 ANTOINETTE AVE,,,2025-06-24,"$185,000",Hamilton
023-0004-0019-00,1207 HERSCHEL WOODS LN,2753,1940,2025-06-24,"$1,600,000",Hamilton
007-0003-0217-00,900 APPLE HILL RD,2962,1988,2025-06-24,"$735,000",Hamilton
002-0005-0047-00,1411 ANTOINETTE AVE,1374,1946,2025-06-24,"$185,000",Hamilton
038-0004-0241-00,3655 B WILLOWLEA CT,1088,1963,2025-06-23,"$350,000",Hamilton
043-0A01-0076-00,2909 UTOPIA PL,1612,1925,2025-06-23,"$560,000",Hamilton
039-0006-0009-00,3658 COLUMBUS AVE,2179,2023,2025-06-23,"$1,253,000",Hamilton
058-0005-0084-00,1667 JONATHAN AVE,1792,1905,2025-06-23,"$330,000",Hamilton
043-0A01-0079-00,2939 GRIEST AVE,1486,1925,2025-06-23,"$475,000",Hamilton
050-0005-0031-00,3304 A BACH AVE,1848,2011,2025-06-23,"$595,000",Hamilton
055-0001-0088-00,3148 HARVARD AVE,1832,1910,2025-06-23,"$150,000",Hamilton
039-0003-0129-00,3151 CELERON AVE,992,1914,2025-06-23,"$260,000",Hamilton
002-0002-0351-00,1770 WILARAY TE,1616,1948,2025-06-23,"$409,000",Hamilton
034-0002-0027-00,5423 WARD ST,1066,1923,2025-06-23,"$253,750",Hamilton
034-0002-0108-00,5424 OWASCO ST,995,1911,2025-06-20,"$260,000",Hamilton
002-0004-0085-00,6296 GLADE AVE,2106,1956,2025-06-20,"$329,000",Hamilton
038-0001-0025-00,3646 ASHWORTH DR,1513,1978,2025-06-20,"$335,000",Hamilton
002-0008-0002-00,6824 SALEM RD,1344,1951,2025-06-20,"$99,000",Hamilton
028-0006-0303-00,429 STANLEY AVE,,,2025-06-20,"$860,000",Hamilton
054-0006-0113-00,1533 ST LEGER PL,1298,1910,2025-06-20,"$207,000",Hamilton
019-0003-0017-00,3480 LINWOOD AVE,2056,1919,2025-06-18,"$465,000",Hamilton
035-0004-0099-00,6607 E LEDGE ST,,,2025-06-18,"$675,000",Hamilton
062-0001-0010-00,1350 WILLIAM H TAFT RD,4630,1896,2025-06-18,"$843,000",Hamilton
040-0004-0089-00,2745 ARBOR AVE,1718,1902,2025-06-17,"$550,000",Hamilton
039-0002-0034-00,3375 EVERSON AVE,1596,1881,2025-06-17,"$445,000",Hamilton
039-0002-0630-00,3350 7B MARBURG SQUARE LN,1346,2008,2025-06-17,"$341,500",Hamilton
046-1A04-0029-00,9 HILL & HOLLOW LN,2975,1952,2025-06-17,"$975,000",Hamilton
030-0003-0181-00,577 DELTA AVE,1768,2007,2025-06-17,"$479,500",Hamilton
064-0002-0040-00,1716 E MCMILLAN AVE,2147,1910,2025-06-17,"$577,613",Hamilton
036-0006-0068-00,4315 ERIE AVE,2798,1895,2025-06-17,"$405,000",Hamilton
026-0002-0006-00,582 DELTA AVE,1184,1904,2025-06-17,"$340,000",Hamilton
036-0006-0281-00,4313 ERIE AVE,,,2025-06-17,"$405,000",Hamilton
036-0006-0302-00,4313 ERIE AVE,,,2025-06-17,"$405,000",Hamilton
046-0010-0012-00,2787 WALSH RD,2826,1960,2025-06-17,"$1,625,000",Hamilton
003-0004-0205-00,5944 CAMBRIDGE AVE,1077,1951,2025-06-16,"$145,000",Hamilton
002-0004-0016-00,1594 MEARS AVE,,,2025-06-16,"$100,000",Hamilton
007-0003-0113-00,5001 C10 KELLOGG AVE,0,1984,2025-06-16,"$1,250",Hamilton
004-0007-0095-00,2536 RANCHVALE DR,1228,1969,2025-06-16,"$212,200",Hamilton
038-0A03-0097-00,3540 PEMBROKE AVE,1000,1924,2025-06-16,"$400,000",Hamilton
040-0005-0003-00,3653 COLUMBUS AVE,1285,1927,2025-06-16,"$400,000",Hamilton
046-0003-0099-00,1295 MORTEN ST,2060,1915,2025-06-16,"$710,000",Hamilton
036-0004-0257-00,4622 GLENSHADE AVE,1254,1903,2025-06-16,"$330,000",Hamilton
002-0004-0015-00,1596 MEARS AVE,1539,1938,2025-06-16,"$100,000",Hamilton
037-0002-0524-00,6627 HALEY AVE,932,1954,2025-06-13,"$275,000",Hamilton
002-0007-0002-00,1408 BURNEY LN,1714,1925,2025-06-13,"$310,000",Hamilton
035-0003-0189-00,5200 WHETSEL AVE,1508,1923,2025-06-13,"$180,000",Hamilton
024-0003-0173-00,4429 EASTERN AVE,2232,1893,2025-06-13,"$113,000",Hamilton
039-0002-0285-00,3329 S STERLING WY,910,1937,2025-06-13,"$360,000",Hamilton
028-0006-0283-00,476 STRAFER ST,2284,2013,2025-06-12,"$850,000",Hamilton
002-0008-0058-00,6803 LE CONTE AVE,1322,1954,2025-06-12,"$150,000",Hamilton
031-0001-0116-00,2901 RIVERSIDE DR,3557,2008,2025-06-12,"$780,000",Hamilton
056-0002-0026-00,1839 MADISON RD,6075,1886,2025-06-12,"$1,235,000",Hamilton
034-0001-0064-00,5322 RAVENNA ST,1448,1905,2025-06-12,"$112,000",Hamilton
019-0001-0272-00,3541 LINWOOD AVE,1272,1950,2025-06-12,"$215,000",Hamilton
037-0003-0163-00,6609 BUCKINGHAM PL,1296,1910,2025-06-12,"$360,000",Hamilton
052-0006-0027-00,5200 LESTER RD,0,1946,2025-06-11,"$2,600,000",Hamilton
026-0005-0015-00,3669 VINEYARD PL,4497,1936,2025-06-11,"$1,610,000",Hamilton
063-0004-0255-00,2200 1004 VICTORY PW,1367,1966,2025-06-11,"$380,000",Hamilton
058-0005-0139-00,3417 ALGONA PL,1118,1923,2025-06-11,"$103,000",Hamilton
036-0002-0051-00,4818 EBERSOLE AVE,704,1928,2025-06-11,"$278,000",Hamilton
063-0003-0218-00,2356 18 PARK AVE,1937,1906,2025-06-11,"$372,500",Hamilton
064-0003-0164-00,2401 6E INGLESIDE AVE,1365,1963,2025-06-11,"$280,000",Hamilton
059-0006-0112-00,3646 BROOKS AVE,2113,1921,2025-06-11,"$242,000",Hamilton
039-0004-0188-00,3871 MT VERNON AVE,1548,1906,2025-06-11,"$535,000",Hamilton
051-0010-0106-00,5402 CHARLOE ST,1036,1943,2025-06-11,"$227,000",Hamilton
038-0004-0200-00,3494 FORESTOAK CT,1867,1983,2025-06-11,"$566,000",Hamilton
019-0002-0060-00,1159 HERSCHEL AVE,1604,1921,2025-06-11,"$570,000",Hamilton
041-0005-0085-00,3580 MOONEY AVE,2371,1904,2025-06-10,"$830,000",Hamilton
035-0001-0105-00,5525 CHANDLER ST,1160,1945,2025-06-10,"$260,000",Hamilton
055-0006-0053-00,2948 HACKBERRY ST,2080,1898,2025-06-10,"$500,000",Hamilton
025-0002-0083-00,3640 GRANDIN RD,2307,1942,2025-06-10,"$831,000",Hamilton
063-0003-0190-00,2324 30 PARK AVE,1033,1928,2025-06-10,"$190,000",Hamilton
035-0002-0043-00,5207 RAVENNA ST,1344,2018,2025-06-10,"$350,000",Hamilton
054-0003-0205-00,3319 EVANSTON AVE,1440,1915,2025-06-10,"$277,900",Hamilton
042-0005-0042-00,3580 LILAC AVE,2272,1890,2025-06-09,"$412,000",Hamilton
031-0001-0041-00,316 AUDUBON ST,,,2025-06-09,"$1,075,000",Hamilton
028-0006-0049-00,3573 HANDMAN AVE,1019,1951,2025-06-09,"$340,000",Hamilton
035-0003-0002-00,5223 WARD ST,2494,1898,2025-06-09,"$185,000",Hamilton
026-0001-0028-00,444 DELTA AVE,1624,1885,2025-06-09,"$240,000",Hamilton
041-0004-0134-00,3434 ZUMSTEIN AVE,2577,1909,2025-06-09,"$795,000",Hamilton
026-0002-0081-00,658 RUSHTON RD,1664,1903,2025-06-09,"$233,000",Hamilton
031-0001-0049-00,2828 HOFF AVE,3128,2017,2025-06-09,"$1,075,000",Hamilton
055-0006-0220-00,DESALES LN,,,2025-06-09,"$592,378",Hamilton
051-0002-0039-00,4533 ORKNEY AVE,1544,1928,2025-06-09,"$379,900",Hamilton
003-0003-0039-00,6152 WASIGO DR,1947,1956,2025-06-09,"$399,000",Hamilton
041-0004-0160-00,3434 ZUMSTEIN AVE,,,2025-06-09,"$795,000",Hamilton
055-0006-0222-00,DESALES LN,,,2025-06-09,"$597,485",Hamilton
009-0001-0134-00,5758 SANCTUARY PL,,,2025-06-09,"$560,000",Hamilton
002-0002-0260-00,1610 BRANDON AVE,1488,1941,2025-06-06,"$305,000",Hamilton
039-0002-0133-00,3424 N CLUB CREST AVE,1254,1926,2025-06-06,"$392,000",Hamilton
050-0006-0005-00,4121 MARBURG AVE,1305,1895,2025-06-06,"$375,000",Hamilton
025-0002-0018-00,3570 KROGER AVE,1220,1922,2025-06-06,"$495,000",Hamilton
026-0002-0019-00,586 EMPRESS AVE,1267,1915,2025-06-06,"$410,000",Hamilton
025-0002-0027-00,3569 LEEDS AVE,,,2025-06-06,"$495,000",Hamilton
019-0002-0059-00,1155 HERSCHEL AVE,1222,1918,2025-06-06,"$435,000",Hamilton
053-0003-0077-00,3339 HEWITT CRESCENT,1216,1925,2025-06-05,"$135,000",Hamilton
053-0001-0078-00,2324 707 MADISON RD,1309,1963,2025-06-05,"$175,000",Hamilton
055-0004-0241-00,1623 DEXTER AVE,2224,2022,2025-06-05,"$600,000",Hamilton
038-0A03-0107-00,3627 BRENTWOOD AVE,1199,1924,2025-06-05,"$439,000",Hamilton
038-0003-0010-00,3640 HERSCHEL AVE,504,1902,2025-06-05,"$294,150",Hamilton
002-0001-0117-00,1705 BRACHMAN AVE,1369,1951,2025-06-05,"$229,000",Hamilton
026-0002-0010-00,574 DELTA AVE,1667,1900,2025-06-05,"$465,000",Hamilton
040-0005-0009-00,3639 COLUMBUS AVE,928,1885,2025-06-05,"$315,000",Hamilton
043-0004-0050-00,1301 PARK RIDGE PL,2393,1929,2025-06-05,"$965,465",Hamilton
046-0002-0083-00,1302 CRYER AVE,2049,1913,2025-06-05,"$750,000",Hamilton
039-0002-0032-00,3327 DE FOREST DR,1846,1934,2025-06-05,"$505,000",Hamilton
035-0003-0170-00,5107 WARD ST,1136,1885,2025-06-04,"$246,500",Hamilton
028-0006-0200-00,544 TUSCULUM AVE,1056,1980,2025-06-04,"$230,000",Hamilton
044-0003-0145-00,1046 DELTA AVE,,,2025-06-04,"$450,000",Hamilton
050-0007-0020-00,3403 BROTHERTON RD,1742,1915,2025-06-04,"$385,000",Hamilton
003-0003-0295-00,2462 SANCTUARY CR,1044,1998,2025-06-04,"$228,500",Hamilton
044-0003-0058-00,1021 DELTA AVE,0,1930,2025-06-04,"$450,000",Hamilton
044-0003-0059-00,1021 DELTA AVE,,,2025-06-04,"$450,000",Hamilton
045-0001-0006-00,3313 NASH AVE,2420,1887,2025-06-04,"$825,000",Hamilton
041-0006-0082-00,3417 BURCH AVE,2767,1908,2025-06-04,"$850,000",Hamilton
039-0007-0110-00,2877 MINTO AVE,1584,1915,2025-06-03,"$400,000",Hamilton
039-0002-0295-00,3314 N STERLING WY,965,1932,2025-06-03,"$351,000",Hamilton
032-0003-0177-00,1201 1210 EDGECLIFF PL,5703,1990,2025-06-03,"$2,850,000",Hamilton
062-0002-0088-00,2537 HACKBERRY ST,3519,1880,2025-06-03,"$430,000",Hamilton
050-0003-0117-00,3133 MADISON RD,1405,2020,2025-06-02,"$640,000",Hamilton
001-0001-0378-00,2417 FINDLATER CT,,,2025-06-02,"$229,900",Hamilton
001-0001-0146-00,2417 FINDLATER CT,1129,1950,2025-06-02,"$229,900",Hamilton
037-0005-0063-00,6823 MERWIN AVE,1209,1926,2025-06-02,"$326,500",Hamilton
003-0003-0355-00,2498 WALNUTVIEW CT,1351,1999,2025-06-02,"$420,000",Hamilton
036-0004-0252-00,4714 GLENSHADE AVE,2249,1900,2025-06-02,"$472,500",Hamilton
036-0001-0045-00,4728 ARMADA PL,936,1927,2025-06-02,"$130,000",Hamilton
063-0003-0228-00,2356 28 PARK AVE,1430,1906,2025-06-02,"$305,000",Hamilton
032-0006-0168-00,2235 103 RIVERSIDE DR,2428,2002,2025-06-02,"$750,000",Hamilton
001-0004-0199-00,2079 WADSBURY DR,3146,1973,2025-06-02,"$250,000",Hamilton
028-0006-0240-00,459 STRAFER ST,3458,2012,2025-06-02,"$1,225,000",Hamilton
039-0003-0139-00,3094 MARKBREIT AVE,1795,1916,2025-06-02,"$396,500",Hamilton
045-0003-0196-00,752 7 DELTA AVE,1678,2007,2025-06-02,"$500,000",Hamilton
036-0004-0192-00,6124 ROE ST,1446,1895,2025-06-02,"$389,000",Hamilton
049-0004-0325-00,2905 ROBERTSON AVE,1702,1915,2025-06-02,"$404,250",Hamilton
002-0008-0017-00,6818 WHITEHALL AVE,1279,1951,2025-05-30,"$265,000",Hamilton
055-0006-0210-00,WOODBURN AVE,,,2025-05-30,"$672,500",Hamilton
003-0003-0155-00,2418 CARDINAL HILL CT,895,1994,2025-05-30,"$236,000",Hamilton
006-0001-0006-00,5870 KELLOGG AVE,1473,1906,2025-05-30,"$160,000",Hamilton
056-0001-0107-00,2600 B HACKBERRY ST,1042,1880,2025-05-30,"$218,700",Hamilton
003-0005-0203-00,5469 HANOVER CR,1160,1990,2025-05-30,"$260,000",Hamilton
002-0003-0049-00,1613 BURNEY LN,1807,1935,2025-05-29,"$330,000",Hamilton
040-0003-0101-00,2736 ATLANTIC AVE,1573,1906,2025-05-29,"$351,000",Hamilton
041-0005-0023-00,3607 ZUMSTEIN AVE,2691,1906,2025-05-29,"$955,000",Hamilton
054-0006-0057-00,1537 RUTH AVE,1982,1909,2025-05-29,"$180,000",Hamilton
035-0002-0126-00,5200 EBERSOLE AVE,864,1920,2025-05-28,"$220,000",Hamilton
037-0002-0130-00,6751 MERWIN AVE,1409,1931,2025-05-28,"$250,000",Hamilton
037-0001-0440-00,4403 SIMPSON AVE,1488,1935,2025-05-28,"$225,000",Hamilton
044-0006-0055-00,3119 GRIEST AVE,1786,1922,2025-05-28,"$595,000",Hamilton
007-0003-0060-00,5001 A3 KELLOGG AVE,0,1984,2025-05-28,"$1,875",Hamilton
054-0004-0182-00,3232 FAIRFIELD AVE,2170,1909,2025-05-28,"$375,000",Hamilton
039-0002-0673-00,3716 2C EASTERN HILLS LN,1885,2014,2025-05-28,"$514,000",Hamilton
041-0005-0016-00,3641 ZUMSTEIN AVE,2106,1905,2025-05-28,"$716,000",Hamilton
044-0001-0095-00,3065 11 ALPINE TE,962,1969,2025-05-28,"$210,000",Hamilton
054-0004-0110-00,1864 HEWITT AVE,1922,1911,2025-05-27,"$420,000",Hamilton
037-0002-0470-00,6510 BRITTON AVE,988,1946,2025-05-27,"$250,000",Hamilton
031-0002-0097-00,3047 RIVERSIDE DR,1460,1875,2025-05-27,"$270,000",Hamilton
039-0002-0091-00,3319 N STERLING WY,1053,1935,2025-05-27,"$447,000",Hamilton
001-0001-0462-00,2240 SUFFOLK ST,1792,2005,2025-05-27,"$342,000",Hamilton
027-0001-0194-00,414 STRAFER ST,2054,2006,2025-05-27,"$625,000",Hamilton
040-0003-0156-00,2740 COX LN,800,1917,2025-05-27,"$224,000",Hamilton
037-0003-0026-00,4714 CASTLE PL,1556,1900,2025-05-27,"$190,000",Hamilton
058-0005-0051-00,1619 CLAREWOOD AVE,1749,1916,2025-05-27,"$249,900",Hamilton
040-0005-0114-00,3573 ST CHARLES PL,1666,1912,2025-05-23,"$556,000",Hamilton
049-0004-0020-00,4124 EILEEN DR,1582,1912,2025-05-23,"$502,500",Hamilton
055-0004-0045-00,3131 HACKBERRY ST,2294,1880,2025-05-23,"$584,000",Hamilton
051-0003-0275-00,ALAMO AVE,0,2003,2025-05-22,"$3,000",Hamilton
037-0001-0367-00,4108 SIMPSON AVE,1539,1946,2025-05-22,"$325,000",Hamilton
028-0005-0099-00,3526 HANDMAN AVE,2370,2004,2025-05-22,"$470,000",Hamilton
001-0001-0086-00,6516 COFFEY ST,1453,1947,2025-05-22,"$256,900",Hamilton
064-0003-0120-00,1617 804 E MCMILLAN AVE,1325,1962,2025-05-22,"$237,500",Hamilton
051-0003-0223-00,4901 CALVERT ST,,,2025-05-22,"$3,000",Hamilton
051-0003-0092-00,4710 CALVERT ST,,,2025-05-22,"$3,000",Hamilton
051-0003-0093-00,4706 CALVERT ST,,,2025-05-22,"$3,000",Hamilton
057-0005-0037-00,3467 HUDSON AVE,2475,1910,2025-05-22,"$445,000",Hamilton
037-0003-0142-00,6710 BUCKINGHAM PL,1180,1934,2025-05-21,"$335,000",Hamilton
044-0006-0092-00,1215 DELTA AVE,1404,1920,2025-05-21,"$550,000",Hamilton
038-0002-0291-00,8 HAMPTON CT,2916,1990,2025-05-21,"$1,555,000",Hamilton
037-0001-0284-00,5801 ARNSBY PL,1274,1905,2025-05-21,"$300,000",Hamilton
043-0003-0028-00,1320 MEIER AVE,1325,1908,2025-05-21,"$605,000",Hamilton
051-0004-0056-00,3437 CARDIFF AVE,1280,1910,2025-05-21,"$200,000",Hamilton
002-0002-0283-00,6235 CAMBRIDGE AVE,1798,1941,2025-05-21,"$255,000",Hamilton
052-0001-0026-00,3033 JARED ELLIS DR,,,2025-05-20,"$7,750,000",Hamilton
028-0003-0115-00,228 STANLEY AVE,1544,1881,2025-05-20,"$260,000",Hamilton
001-0001-0477-00,6624 CORBLY RD,2393,2010,2025-05-20,"$448,000",Hamilton
034-0002-0130-00,6120 ALPHA ST,1292,1929,2025-05-20,"$235,000",Hamilton
039-0002-0457-00,3921 KILBOURNE AVE,1492,1949,2025-05-20,"$403,800",Hamilton
001-0003-0003-00,1951 LEHIGH AVE,897,1940,2025-05-20,"$207,000",Hamilton
054-0005-0047-00,3340 WOODBURN AVE,2480,1900,2025-05-20,"$375,000",Hamilton
037-0002-0244-00,6604 PALMETTO ST,1244,1935,2025-05-20,"$271,000",Hamilton
042-0009-0135-00,2444 901 MADISON RD,1791,1967,2025-05-20,"$397,500",Hamilton
001-0005-0058-00,2320 BEECHMONT AVE,2106,1860,2025-05-19,"$265,000",Hamilton
064-0003-0117-00,1617 504 E MCMILLAN AVE,1325,1962,2025-05-19,"$215,000",Hamilton
042-0004-0073-00,3543 VISTA AVE,2043,1900,2025-05-19,"$630,000",Hamilton
063-0004-0236-00,2200 805 VICTORY PW,852,1966,2025-05-19,"$200,000",Hamilton
053-0001-0023-00,2324 2 MADISON RD,0,1963,2025-05-19,"$197,500",Hamilton
037-0003-0459-00,4940 PLAINVILLE RD,1092,1902,2025-05-19,"$260,000",Hamilton
020-0002-0087-00,3635 RUSSELL AVE,2878,2016,2025-05-16,"$1,280,000",Hamilton
043-0001-0069-00,1156 INGLENOOK PL,1482,1922,2025-05-16,"$620,000",Hamilton
042-0009-0305-00,2356 DANA AVE,1506,1971,2025-05-16,"$285,000",Hamilton
025-0003-0174-00,3538 GRANDIN RD,2120,1923,2025-05-16,"$815,000",Hamilton
003-0005-0124-00,2559 BONNIE DR,1046,1952,2025-05-16,"$147,500",Hamilton
037-0001-0124-00,5741 BRAMBLE AVE,2046,1910,2025-05-16,"$368,000",Hamilton
004-0007-0118-00,5307 RESERVE CR,1376,2005,2025-05-16,"$264,000",Hamilton
034-0001-0086-00,5405 WHETSEL AVE,,,2025-05-16,"$499,900",Hamilton
043-0A01-0115-00,1224 PAXTON AVE,1566,1927,2025-05-16,"$575,000",Hamilton
037-0005-0125-00,6929 BRITTON AVE,1131,1939,2025-05-15,"$190,000",Hamilton
040-0001-0007-00,2891 MARKBREIT AVE,1232,1900,2025-05-15,"$425,000",Hamilton
062-0001-0111-00,1350 WILLIAM H TAFT RD,,,2025-05-15,"$10,900",Hamilton
054-0005-0097-00,3327 HOLLOWAY CT,912,1914,2025-05-15,"$286,000",Hamilton
030-0001-0069-00,3132 WALWORTH AVE,734,1900,2025-05-15,"$139,900",Hamilton
030-0001-0212-00,3132 WALWORTH AVE,,,2025-05-15,"$139,900",Hamilton
037-0001-0448-00,4328 WATTERSON ST,1284,1922,2025-05-15,"$352,000",Hamilton
058-0001-0038-00,3513 HUDSON AVE,2279,1910,2025-05-15,"$170,000",Hamilton
037-0003-0195-00,6512 ROE ST,1533,1910,2025-05-15,"$375,000",Hamilton
044-0003-0143-00,3239 HARDISTY AVE,,,2025-05-14,"$1,310,000",Hamilton
038-0A01-0013-00,3531 RAWSON PL,1002,1928,2025-05-14,"$375,000",Hamilton
054-0003-0023-00,1910 KINNEY AVE,1471,1905,2025-05-14,"$288,000",Hamilton
044-0003-0065-00,3239 HARDISTY AVE,2688,1972,2025-05-14,"$1,310,000",Hamilton
038-0001-0040-00,3646 405 ASHWORTH DR,1248,1978,2025-05-14,"$315,000",Hamilton
020-0002-0073-00,3639 ARCHER AVE,3260,2016,2025-05-14,"$1,305,000",Hamilton
055-0001-0106-00,3219 GILBERT AVE,1924,2022,2025-05-14,"$470,000",Hamilton
002-0003-0077-00,1611 ALCOR TE,1278,1938,2025-05-13,"$265,000",Hamilton
037-0001-0205-00,4207 WHETSEL AVE,,,2025-05-13,"$679,000",Hamilton
027-0002-0134-00,3710 4 CREIGHTON PL,928,1875,2025-05-13,"$210,000",Hamilton
039-0002-0440-00,3862 KILBOURNE AVE,1242,1941,2025-05-13,"$440,000",Hamilton
040-0A02-0041-00,2815 INVERNESS PL,1367,1927,2025-05-13,"$510,000",Hamilton
050-0002-0145-00,4437 BRAZEE ST,1735,1916,2025-05-13,"$382,500",Hamilton
062-0002-0037-00,2556 INGLESIDE AVE,2286,1896,2025-05-13,"$200,000",Hamilton
049-0003-0028-00,2778 MINOT AVE,2289,1923,2025-05-13,"$475,000",Hamilton
062-0002-0090-00,2541 HACKBERRY ST,3565,1880,2025-05-13,"$302,000",Hamilton
035-0004-0119-00,6313 SIERRA ST,1280,1890,2025-05-13,"$280,000",Hamilton
038-0001-0042-00,3683 B ERIE AVE,1322,1961,2025-05-13,"$290,000",Hamilton
040-0004-0019-00,3730 WOODLAND AVE,2376,1906,2025-05-12,"$560,000",Hamilton
039-0004-0065-00,3854 MT VERNON AVE,1414,1905,2025-05-12,"$422,000",Hamilton
039-0A06-0220-00,3057 PORTSMOUTH AVE,1712,1935,2025-05-12,"$699,000",Hamilton
039-0006-0012-00,3649 PAXTON AVE,2053,1904,2025-05-12,"$499,000",Hamilton
046-0A04-0010-00,2527 S ROOKWOOD DR,4801,1929,2025-05-12,"$2,450,000",Hamilton
018-0001-0014-00,4803 MORSE ST,1289,1915,2025-05-12,"$237,000",Hamilton
002-0003-0159-00,6534 GLADE AVE,3089,1953,2025-05-09,"$500,000",Hamilton
044-0006-0019-00,3152 WILLIS AVE,1440,1910,2025-05-09,"$510,000",Hamilton
040-0001-0005-00,2917 MADISON RD,3105,1920,2025-05-09,"$451,000",Hamilton
002-0003-0164-00,6534 GLADE AVE,,,2025-05-09,"$500,000",Hamilton
040-0004-0022-00,3720 WOODLAND AVE,1847,1914,2025-05-08,"$800,000",Hamilton
055-0006-0209-00,3002 WOODBURN AVE,,,2025-05-08,"$653,914",Hamilton
049-0004-0258-00,2917 MINOT AVE,1941,1912,2025-05-08,"$550,000",Hamilton
054-0003-0088-00,1916 HEWITT AVE,1733,1918,2025-05-08,"$355,000",Hamilton
046-0002-0070-00,2896 LINWOOD AVE,2582,1918,2025-05-08,"$775,000",Hamilton
033-0001-0136-00,2025 CALVIN CLIFF LN,1844,1973,2025-05-08,"$290,000",Hamilton
037-0001-0239-00,4127 WATTERSON ST,1200,1968,2025-05-08,"$275,000",Hamilton
035-0003-0051-00,6008 DESMOND ST,1421,1890,2025-05-08,"$315,000",Hamilton
026-0002-0105-00,519 MISSOURI AVE,2832,2014,2025-05-08,"$1,200,000",Hamilton
063-0003-0165-00,2324 PARK AVE,1611,1928,2025-05-08,"$339,000",Hamilton
028-0004-0181-00,3435 802 GOLDEN AVE,1839,1991,2025-05-07,"$484,000",Hamilton
023-0004-0005-00,1232 HERSCHEL WOODS LN,2463,1941,2025-05-07,"$1,475,000",Hamilton
055-0003-0037-00,3105 DURRELL AVE,1923,1882,2025-05-07,"$255,000",Hamilton
062-0003-0027-00,2705 HACKBERRY ST,2120,1890,2025-05-07,"$270,000",Hamilton
049-0004-0243-00,4114 THIRTY-FOURTH AVE,1514,1915,2025-05-07,"$600,000",Hamilton
057-0003-0112-00,3631 WABASH AVE,1810,1908,2025-05-07,"$190,000",Hamilton
055-0003-0048-00,3105 DURRELL AVE,,,2025-05-07,"$255,000",Hamilton
050-0007-0425-00,3639 BROTHERTON RD,,,2025-05-07,"$690,000",Hamilton
039-0002-0206-00,3933 MARBURG AVE,1242,1928,2025-05-07,"$407,900",Hamilton
039-0004-0073-00,3828 MT VERNON AVE,1168,1905,2025-05-07,"$340,000",Hamilton
049-0004-0080-00,2830 MINOT AVE,1472,1924,2025-05-07,"$409,500",Hamilton
064-0002-0176-00,2526 HACKBERRY ST,1744,2004,2025-05-06,"$349,000",Hamilton
036-0005-0009-00,5737 WHITNEY AVE,1967,1910,2025-05-06,"$510,000",Hamilton
050-0008-0172-00,4120 4C ALLENDALE DR,2730,2008,2025-05-06,"$660,000",Hamilton
056-0001-0068-00,1758 WILLIAM H TAFT RD,1234,1984,2025-05-06,"$262,000",Hamilton
002-0001-0146-00,1716 TIFFANY LN,1905,1956,2025-05-06,"$310,000",Hamilton
044-0006-0108-00,3146 LINWOOD AVE,1416,1900,2025-05-06,"$351,000",Hamilton
004-0004-0207-00,6113 WAYSIDE CT,1411,1961,2025-05-06,"$160,000",Hamilton
063-0004-0369-00,2200 2507 VICTORY PW,1240,1966,2025-05-05,"$390,000",Hamilton
040-0003-0122-00,2724 COX LN,972,1906,2025-05-05,"$225,000",Hamilton
038-0001-0044-00,3683 D ERIE AVE,880,1961,2025-05-05,"$255,000",Hamilton
020-0001-0034-00,4926 LE BLOND AVE,1280,1941,2025-05-05,"$422,300",Hamilton
037-0003-0222-00,4529 PLAINVILLE RD,1632,1913,2025-05-05,"$322,205",Hamilton
039-0004-0080-00,3810 MT VERNON AVE,1868,1905,2025-05-05,"$475,000",Hamilton
003-0004-0168-00,6036 LOCKARD AVE,1233,1939,2025-05-02,"$259,900",Hamilton
058-0005-0133-00,3420 WOODBURN AVE,2038,1918,2025-05-02,"$145,000",Hamilton
042-0008-0159-00,3768 GROVEDALE PL,1116,1947,2025-05-02,"$401,000",Hamilton
049-0004-0048-00,4313 THIRTY-FIRST AVE,1118,1915,2025-05-02,"$400,000",Hamilton
063-0004-0025-00,2210 KEMPER LN,1513,1895,2025-05-02,"$309,000",Hamilton
040-0005-0082-00,2825 ROSELLA AVE,1555,1937,2025-05-02,"$490,000",Hamilton
001-0001-0260-00,6589 RAINBOW LN,925,1954,2025-05-01,"$224,500",Hamilton
034-0005-0056-00,5409 STEWART AVE,1652,1915,2025-05-01,"$345,000",Hamilton
040-0001-0119-00,2907 3 ROMANA PL,2086,2021,2025-05-01,"$707,500",Hamilton
038-0A03-0127-00,3619 BRENTWOOD AVE,1531,1917,2025-05-01,"$431,934",Hamilton
054-0004-0193-00,1873 HURON AVE,1178,1915,2025-05-01,"$249,000",Hamilton
038-0002-0338-00,3670 B ASHWORTH DR,1361,1962,2025-05-01,"$355,000",Hamilton
019-0001-0230-00,3918 DEVONSHIRE DR,2857,1995,2025-05-01,"$950,000",Hamilton
055-0004-0130-00,3216 HACKBERRY ST,2208,1900,2025-05-01,"$190,000",Hamilton
039-0004-0150-00,3870 DRAKEWOOD DR,1672,1936,2025-04-30,"$610,000",Hamilton
049-0004-0306-00,2815 MINOT AVE,1576,1912,2025-04-29,"$335,000",Hamilton
037-0005-0154-00,6814 PALMETTO ST,864,1930,2025-04-29,"$299,900",Hamilton
037-0005-0150-00,6815 BRITTON AVE,1179,1923,2025-04-29,"$290,000",Hamilton
031-0002-0151-00,2885 WALWORTH AVE,4349,2023,2025-04-29,"$1,535,000",Hamilton
049-0004-0155-00,4213 THIRTY-THIRD AVE,1702,1914,2025-04-29,"$312,000",Hamilton
046-0008-0073-00,3326 EASTSIDE AVE,1687,1910,2025-04-29,"$501,000",Hamilton
002-0009-0083-00,6329 GLADE AVE,840,1926,2025-04-29,"$215,000",Hamilton
063-0003-0192-00,2324 PARK AVE,1105,1928,2025-04-28,"$249,900",Hamilton
039-0007-0056-00,3584 MONTEITH AVE,2296,1915,2025-04-28,"$790,000",Hamilton
064-0002-0177-00,2528 HACKBERRY ST,1744,2004,2025-04-28,"$350,000",Hamilton
038-0004-0089-00,3527 FORESTOAK CT,1398,1974,2025-04-25,"$365,000",Hamilton
045-0003-0033-00,3238 NASH AVE,2162,1923,2025-04-25,"$550,000",Hamilton
041-0005-0087-00,3570 MOONEY AVE,3256,1903,2025-04-25,"$1,213,000",Hamilton
003-0002-0015-00,6086 COLTER AVE,2132,1959,2025-04-25,"$339,000",Hamilton
038-0002-0379-00,3677 B ASHWORTH DR,934,1962,2025-04-25,"$265,000",Hamilton
051-0008-0086-00,4932 KELSCH LN,1204,1955,2025-04-25,"$315,000",Hamilton
055-0004-0242-00,1621 DEXTER AVE,2224,2022,2025-04-24,"$600,000",Hamilton
063-0004-0222-00,2200 701 VICTORY PW,616,1966,2025-04-24,"$157,500",Hamilton
037-0005-0124-00,6931 BRITTON AVE,1421,1939,2025-04-24,"$320,000",Hamilton
038-0004-0100-00,3655 TRASKWOOD CR,1564,1975,2025-04-24,"$301,530",Hamilton
039-0007-0042-00,3587 MONTEITH AVE,2835,1994,2025-04-23,"$837,500",Hamilton
001-0005-0083-00,2303 OXFORD AVE,1254,1870,2025-04-23,"$160,000",Hamilton
058-0002-0021-00,1537 JONATHAN AVE,925,1915,2025-04-23,"$150,000",Hamilton
055-0005-0051-00,3 DEXTER PL,1979,1908,2025-04-23,"$887,500",Hamilton
024-0001-0006-00,4044 EASTERN AVE,2112,1890,2025-04-23,"$305,000",Hamilton
020-0002-0011-00,3614 ARCHER AVE,,,2025-04-23,"$105,000",Hamilton
046-1A04-0089-00,2410 GRANDIN GATE LN,3661,2001,2025-04-23,"$1,700,000",Hamilton
044-0003-0082-00,3252 GLENGYLE AVE,1624,1928,2025-04-23,"$610,000",Hamilton
039-0003-0156-00,3157 CELERON AVE,1248,1915,2025-04-22,"$242,725",Hamilton
062-0003-0120-00,2625 MOORMAN AVE,2412,1890,2025-04-22,"$450,000",Hamilton
061-0002-0054-00,2813 ASHLAND AVE,1845,1910,2025-04-22,"$213,000",Hamilton
039-0004-0045-00,3855 MT VERNON AVE,984,1905,2025-04-22,"$225,000",Hamilton
008-0001-0075-00,5872 PANAMA AVE,1560,1875,2025-04-22,"$225,000",Hamilton
030-0001-0195-00,3304 1 COLUMBIA PW,1723,1977,2025-04-22,"$405,000",Hamilton
054-0006-0099-00,1514 ST LEGER PL,2033,1906,2025-04-22,"$400,000",Hamilton
004-0004-0363-00,1436 MEADOWBRIGHT LN,1380,1971,2025-04-22,"$209,800",Hamilton
065-0001-0126-00,860 BUENA VISTA PL,3123,1916,2025-04-21,"$175,000",Hamilton
055-0006-0208-00,3000 WOODBURN AVE,,,2025-04-21,"$774,900",Hamilton
054-0005-0133-00,1721 HEWITT AVE,2108,1905,2025-04-21,"$345,000",Hamilton
001-0004-0156-00,6532 RIPPLEWOOD LN,1568,1973,2025-04-21,"$289,900",Hamilton
042-0A01-0110-00,3641 STETTINIUS AVE,,,2025-04-21,"$1,496,325",Hamilton
002-0007-0083-00,6716 LE CONTE AVE,941,1947,2025-04-21,"$176,500",Hamilton
008-0001-0072-00,5856 PANAMA AVE,1195,1911,2025-04-21,"$117,000",Hamilton
025-0003-0149-00,600 9 DELTA AVE,1194,1990,2025-04-18,"$325,000",Hamilton
039-0002-0255-00,3302 GLENHURST PL,1210,1941,2025-04-18,"$321,500",Hamilton
039-0007-0006-00,2865 MINTO AVE,1256,1920,2025-04-18,"$437,500",Hamilton
062-0003-0164-00,2711 CLEINVIEW AVE,3110,2016,2025-04-17,"$923,259",Hamilton
001-0002-0074-00,2102 SUTTON AVE,1425,1880,2025-04-17,"$265,000",Hamilton
053-0001-0151-00,2324 MADISON RD,882,1963,2025-04-17,"$170,000",Hamilton
039-0003-0031-00,3105 MARKBREIT AVE,2017,1913,2025-04-16,"$540,000",Hamilton
058-0004-0019-00,1822 CLARION AVE,3189,1911,2025-04-16,"$452,500",Hamilton
054-0003-0181-00,3317 BEVIS AVE,1359,1920,2025-04-16,"$165,000",Hamilton
039-0006-0045-00,3431 DUNCAN AVE,1810,1906,2025-04-16,"$662,000",Hamilton
064-0003-0230-00,2412 INGLESIDE AVE,2364,1986,2025-04-16,"$550,000",Hamilton
031-0002-0134-00,2987 WALWORTH AVE,,,2025-04-16,"$300,000",Hamilton
030-0003-0113-00,545 DELTA AVE,4595,1894,2025-04-16,"$1,250,000",Hamilton
036-0001-0076-00,4915 STEWART AVE,2662,1871,2025-04-16,"$380,000",Hamilton
034-0002-0015-00,5330 WHETSEL AVE,1535,1898,2025-04-15,"$22,000",Hamilton
001-0004-0029-00,1987 HONEYSUCKLE LN,1399,1951,2025-04-15,"$304,000",Hamilton
037-0002-0150-00,6615 MERWIN AVE,1220,1938,2025-04-14,"$165,000",Hamilton
037-0002-0434-00,6431 BRAMBLE AVE,1058,1953,2025-04-14,"$257,000",Hamilton
058-0003-0046-00,3553 BEVIS AVE,2739,1894,2025-04-14,"$235,000",Hamilton
039-0002-0667-00,3340 MARBURG SQUARE LN,1900,2013,2025-04-14,"$525,000",Hamilton
041-0001-0098-00,3630 MICHIGAN AVE,1711,1909,2025-04-14,"$638,600",Hamilton
041-0006-0066-00,3419 BERRY AVE,3603,1910,2025-04-14,"$1,200,000",Hamilton
053-0001-0194-00,2324 2008 MADISON RD,1624,1963,2025-04-14,"$250,000",Hamilton
054-0004-0094-00,3314 GRAYDON AVE,1166,1890,2025-04-14,"$165,500",Hamilton
